[
    {
        "_id": 123,
        "topic": "Space",
        "userName": "SpaceX",
        "title": "SpaceX successfully launches 60 more Starlink satellites, bringing total delivered to orbit to more than 800",
        "time": "2h",
        "image": "https://assets.materialup.com/uploads/922c35bd-940d-4f26-bbd5-ff8b7075f53b/preview.jpg"
    },

    {
        "_id": 234, 
        "topic": "Space", 
        "userName": "SpaceX",
        "title": "100s of SpaceX Starships land on Mars after a 6 month journey. 1000s of Martian colonists being building Mars Base 1",
        "time": "2h", 
        "image": "https://asset.brandfetch.io/id2g3lee9x/idXX_e5k_s.jpeg"
    },

    {
        "_id": 345, 
        "topic": "Energy", 
        "userName": "Tesla",
        "title": "Tesla FSD finally makes driving obsolete. After years of delay, Tesla Full Self Driving can drive you to work while you work, play, or sleep",
        "time": "4d", 
        "image": "https://assets.materialup.com/uploads/922c35bd-940d-4f26-bbd5-ff8b7075f53b/preview.jpg"
    }
]