[
    {
        "_id": 123,
        "topic": "Space",
        "userName": "SpaceX",
        "time": "2h",
        "title": "100s of SpaceX-Starships land on Mars after a 6 month journey. 1000s of Martian colonists being building Mars Base 1",
        "image": "https://asset.brandfetch.io/id2g3lee9x/idXX_e5k_s.jpeg",
        "liked": true,
        "replies": 123,
        "retuits": 432,
        "likes": 2345,
        "handle": "@spacex",
        "tuit": "You want to wake up in the morning and think the future is going to be great - and that's what being a spacefaring civilization is all about. It's about believing in the future and thinking that the future will be better than the past. And I can't think of anything more exciting than going out there and being among the stars."
    },

    {
        "_id": 234,
        "topic": "Tesla",
        "userName": "Tesla",
        "time": "4d",
        "title": "Tesla FSD finally makes driving obsolete. After years of delay, Tesla Full Self Driving can drive you to work while you work, play, or sleep",
        "image": "https://assets.materialup.com/uploads/922c35bd-940d-4f26-bbd5-ff8b7075f53b/preview.jpg",
        "liked": false,
        "replies": 234,
        "retuits": 543,
        "likes": 3456,
        "handle": "@tesla",
        "tuit": "Autopilot is an advanced driver assistance system that assists your car with steering, accelerating and braking for other vehicles and pedestrians within its lane. It assists with the most burdensome parts of driving and work alongside features like emergency braking, collision warning and blind-spot monitoring. With Full Self-Driving (FSD) capability, you will get access to a suite of more advanced driver assistance features, designed to provide more active guidance and assisted driving under your active supervision."
    },

    {
        "_id": 345,
        "topic": "Space",
        "userName": "SpaceX",
        "time": "2h",
        "title": "SpaceX successfully launches 60 more Starlink satellites, bringing total delivered to orbit to more than 800",
        "image": "https://asset.brandfetch.io/id2g3lee9x/idXX_e5k_s.jpeg",
        "liked": true,
        "replies": 345,
        "retuits": 321,
        "likes": 1234,
        "handle": "@spacex",
        "tuit": "Tesla Cybertruck lands on Mars and picks up the Curiosity rover on its 6' bed. Cybertruck is built with an exterior shell made for ultimate durability and passenger protection. Starting with a nearly impenetrable exoskeleton, every component is designed for superior strength and endurance, from Ultra-Hard 30X Cold-Rolled stainless-steel structural skin to Tesla armor glass.Cybertruck is built with an exterior shell made for ultimate durability and passenger protection. Starting with a nearly impenetrable exoskeleton, every component is designed for superior strength and endurance, from Ultra-Hard 30X Cold-Rolled stainless-steel structural skin to Tesla armor glass."
    }
]