[
    {
        "_id": 123,
        "topic": "Space",
        "userName": "SpaceX",
        "title": "Starlink: Paving the Digital Highways of the Future!",
        "time": "5h",
        "image": "https://assets.materialup.com/uploads/922c35bd-940d-4f26-bbd5-ff8b7075f53b/preview.jpg",
        "liked": true,
        "replies": 320,
        "retuits": 540,
        "likes": 2698,
        "handle": "@spacex",
        "tuit": "Beyond just satellites: Starlink is our commitment to a brighter, more connected future for all. Think about a world where the remotest locations have high-speed internet!"
    },

    {
        "_id": 234,
        "topic": "Space",
        "userName": "SpaceX",
        "title": "Mars Base 1: A New Dawn for Humanity!",
        "time": "1d",
        "image": "https://asset.brandfetch.io/id2g3lee9x/idXX_e5k_s.jpeg",
        "liked": false,
        "replies": 650,
        "retuits": 920,
        "likes": 1205,
        "handle": "@spacex",
        "tuit": "Our Martian pioneers have taken the first steps on the Red Planet. This isn't just a victory for SpaceX but for all of humanity. #MarsBase1 #NewHorizons"
    },

    {
        "_id": 345,
        "topic": "Energy",
        "userName": "Tesla",
        "title": "Reinventing the Wheel: Tesla's Autonomous Era!",
        "time": "2d",
        "image": "https://assets.materialup.com/uploads/922c35bd-940d-4f26-bbd5-ff8b7075f53b/preview.jpg",
        "liked": true,
        "replies": 710,
        "retuits": 830,
        "likes": 9021,
        "handle": "@Tesla",
        "tuit": "Why just drive when you can achieve more? With our Full Self Driving technology, embrace a future where the journey is as meaningful as the destination. #DriveTheFuture"
    }
]
